DATE TIME, WINDSPEED, DIR, GUSTS, AT, BARO, RELHUM, VIS
01/01/2010 00:00,6.04,38,6.67,31.8,1018.5,,
01/01/2010 01:00,5.12,30,6.89,32.0,1017.7,,
01/01/2010 02:00,,0,,,,,
01/01/2010 03:00,6.35,29,7.93,32.5,1016.5,,
01/01/2010 04:00,5.44,36,8.36,32.4,1015.7,,
01/01/2010 05:00,5.64,21,8.94,32.0,1015.2,,
01/01/2010 06:00,7.58,24,10.50,31.5,1014.6,,
01/01/2010 07:00,8.55,24,10.50,31.1,1014.4,,
01/01/2010 08:00,7.78,19,11.08,31.1,1014.3,,
01/01/2010 09:00,9.61,26,12.30,30.3,1013.5,,
01/01/2010 10:00,7.84,20,10.57,30.2,1013.3,,
01/01/2010 11:00,7.25,19,10.38,30.3,1013.4,,
01/01/2010 12:00,7.12,26,9.06,30.3,1013.4,,
01/01/2010 13:00,5.86,28,8.06,30.4,1012.8,,
01/01/2010 14:00,3.57,10,5.71,31.1,1013.2,,
01/01/2010 15:00,6.71,26,8.67,31.3,1012.2,,
01/01/2010 16:00,5.44,23,9.11,32.0,1011.0,,
01/01/2010 17:00,0.13,321,1.12,33.4,1010.9,,
01/01/2010 18:00,0.36,81,1.17,34.2,1010.0,,
01/01/2010 19:00,1.82,89,2.49,34.6,1009.1,,
01/01/2010 20:00,2.09,60,2.36,35.3,1008.9,,
01/01/2010 21:00,4.34,53,5.97,34.7,1008.8,,
01/01/2010 22:00,6.10,33,8.50,35.0,1008.2,,
01/01/2010 23:00,5.30,65,6.11,34.4,1008.1,,
01/02/2010 00:00,3.97,48,6.52,34.5,1007.4,,
01/02/2010 01:00,9.11,29,11.40,34.4,1006.6,,
01/02/2010 02:00,7.37,24,10.26,34.3,1005.9,,
01/02/2010 03:00,7.53,31,12.35,34.0,1004.9,,
01/02/2010 04:00,8.89,14,13.61,33.9,1003.9,,
01/02/2010 05:00,10.43,10,14.00,33.8,1002.7,,
01/02/2010 06:00,11.09,16,17.50,33.4,1002.0,,
01/02/2010 07:00,13.19,27,17.65,33.3,1001.9,,
01/02/2010 08:00,11.91,10,16.15,32.2,1001.4,,
01/02/2010 09:00,12.67,15,19.01,30.8,1000.7,,
01/02/2010 10:00,11.24,17,20.91,30.0,1000.3,,
01/02/2010 11:00,14.21,16,20.88,29.3,1000.1,,
01/02/2010 12:00,15.16,15,21.81,28.9,999.7,,
01/02/2010 13:00,11.56,18,20.25,29.3,999.3,,
01/02/2010 14:00,13.56,15,20.47,29.0,999.1,,
01/02/2010 15:00,13.76,11,19.87,28.7,999.1,,
01/02/2010 16:00,14.25,9,20.65,28.8,998.3,,
01/02/2010 17:00,12.69,8,16.99,28.9,997.4,,
01/02/2010 18:00,10.95,8,17.23,30.7,996.7,,
01/02/2010 19:00,13.87,16,18.53,29.8,996.2,,
01/02/2010 20:00,10.64,27,14.78,29.9,996.1,,
01/02/2010 21:00,8.59,9,12.07,30.6,995.9,,
01/02/2010 22:00,16.44,340,22.44,29.9,995.6,,
01/02/2010 23:00,17.43,338,24.71,28.7,995.5,,
01/03/2010 00:00,21.18,338,24.79,27.2,995.3,,
01/03/2010 01:00,17.30,346,26.05,26.1,994.8,,
01/03/2010 02:00,19.42,336,24.94,24.9,994.0,,
01/03/2010 03:00,21.63,319,28.30,22.3,993.5,,
01/03/2010 04:00,17.53,332,25.66,21.6,992.8,,
01/03/2010 05:00,18.70,327,25.83,20.5,991.8,,
01/03/2010 06:00,19.87,320,29.50,20.1,990.9,,
01/03/2010 07:00,18.56,321,31.25,18.9,990.9,,
01/03/2010 08:00,19.63,318,30.58,18.3,990.2,,
01/03/2010 09:00,21.48,320,28.31,18.0,989.4,,
01/03/2010 10:00,16.83,334,26.10,17.6,988.9,,
01/03/2010 11:00,18.50,319,25.65,16.9,988.7,,
01/03/2010 12:00,15.48,328,22.56,16.3,989.0,,
01/03/2010 13:00,14.40,326,23.12,15.7,989.1,,
01/03/2010 14:00,17.55,333,23.88,16.4,989.3,,
01/03/2010 15:00,15.99,326,24.33,16.5,989.3,,
01/03/2010 16:00,13.24,333,22.38,17.4,989.1,,
01/03/2010 17:00,16.60,343,22.04,19.1,988.3,,
01/03/2010 18:00,16.08,345,21.91,20.6,988.2,,
01/03/2010 19:00,14.48,343,20.86,23.6,988.4,,
01/03/2010 20:00,16.79,349,22.48,25.2,989.3,,
01/03/2010 21:00,16.81,349,24.54,25.0,990.4,,
01/03/2010 22:00,14.62,5,24.37,24.5,991.6,,
01/03/2010 23:00,12.28,4,16.99,24.1,992.6,,
01/04/2010 00:00,10.75,6,19.97,24.4,992.9,,
01/04/2010 01:00,9.72,5,18.86,25.0,993.6,,
01/04/2010 02:00,13.09,6,17.89,25.6,993.8,,
01/04/2010 03:00,12.16,3,14.81,26.4,994.7,,
01/04/2010 04:00,10.50,3,18.86,26.6,995.0,,
01/04/2010 05:00,7.58,358,17.69,27.1,995.4,,
01/04/2010 06:00,9.72,358,20.02,27.3,995.9,,
01/04/2010 07:00,11.79,2,17.13,27.1,996.7,,
01/04/2010 08:00,10.95,346,16.46,27.7,997.2,,
01/04/2010 09:00,8.94,348,13.19,27.9,997.7,,
01/04/2010 10:00,11.03,359,15.31,27.2,998.1,,
01/04/2010 11:00,7.94,336,11.24,26.0,998.8,,
01/04/2010 12:00,8.85,341,14.05,25.7,999.4,,
01/04/2010 13:00,15.10,347,19.75,25.4,999.8,,
01/04/2010 14:00,12.63,346,19.29,26.0,1000.2,,
01/04/2010 15:00,11.47,347,18.86,27.7,1000.4,,
01/04/2010 16:00,11.99,350,19.36,28.6,1000.1,,
01/04/2010 17:00,11.85,350,17.26,30.7,999.6,,
01/04/2010 18:00,10.13,4,16.31,31.7,999.3,,
01/04/2010 19:00,9.91,337,13.22,32.7,999.4,,
01/04/2010 20:00,6.44,353,11.85,33.4,999.9,,
01/04/2010 21:00,5.78,360,9.73,33.0,1000.5,,
01/04/2010 22:00,10.16,342,12.77,31.8,1000.9,,
01/04/2010 23:00,5.54,327,9.58,30.9,1001.5,,
01/05/2010 00:00,8.65,348,13.63,29.9,1002.1,,
01/05/2010 01:00,9.72,343,13.22,28.2,1002.4,,
01/05/2010 02:00,7.19,332,9.33,26.1,1002.7,,
01/05/2010 03:00,7.19,336,10.11,25.0,1002.9,,
01/05/2010 04:00,6.91,343,12.15,24.0,1002.9,,
01/05/2010 05:00,7.42,340,10.38,22.5,1002.6,,
01/05/2010 06:00,6.30,323,8.52,21.7,1002.7,,
01/05/2010 07:00,6.31,335,9.24,21.5,1002.9,,
01/05/2010 08:00,4.41,338,7.60,21.2,1003.0,,
01/05/2010 09:00,5.19,332,7.91,20.6,1002.8,,
01/05/2010 10:00,3.78,329,7.27,20.9,1002.9,,
01/05/2010 11:00,5.29,344,7.33,21.9,1002.8,,
01/05/2010 12:00,5.15,341,5.65,22.9,1003.1,,
01/05/2010 13:00,4.58,332,6.49,23.6,1003.1,,
01/05/2010 14:00,4.27,352,5.98,24.7,1003.1,,
01/05/2010 15:00,5.40,352,7.85,26.2,1003.2,,
01/05/2010 16:00,4.16,352,5.75,27.2,1002.6,,
01/05/2010 17:00,6.13,318,8.93,28.5,1001.7,,
01/05/2010 18:00,5.17,342,8.73,29.7,1001.1,,
01/05/2010 19:00,6.77,336,10.01,30.0,1000.8,,
01/05/2010 20:00,9.91,343,13.40,30.3,1000.8,,
01/05/2010 21:00,8.48,330,12.30,29.5,1001.0,,
01/05/2010 22:00,8.95,337,13.56,29.1,1001.0,,
01/05/2010 23:00,9.13,322,13.40,28.7,1001.2,,
01/06/2010 00:00,7.39,329,13.02,28.4,1001.5,,
01/06/2010 01:00,10.11,333,14.00,28.0,1001.6,,
01/06/2010 02:00,9.80,340,14.83,28.0,1001.5,,
01/06/2010 03:00,8.60,344,10.97,28.2,1001.6,,
01/06/2010 04:00,9.33,343,15.16,28.4,1001.6,,
01/06/2010 05:00,8.55,355,14.97,28.2,1001.4,,
01/06/2010 06:00,12.25,359,16.66,27.7,1001.4,,
01/06/2010 07:00,10.58,342,15.26,27.1,1001.8,,
01/06/2010 08:00,11.75,338,15.76,26.7,1001.9,,
01/06/2010 09:00,10.89,342,13.19,25.9,1001.8,,
01/06/2010 10:00,11.55,317,13.26,25.0,1001.9,,
01/06/2010 11:00,5.91,324,10.16,23.7,1002.3,,
01/06/2010 12:00,10.01,314,11.12,23.7,1002.5,,
01/06/2010 13:00,8.00,314,10.59,24.0,1003.0,,
01/06/2010 14:00,9.20,326,13.59,25.5,1003.2,,
01/06/2010 15:00,6.86,335,10.91,27.0,1003.1,,
01/06/2010 16:00,10.39,314,14.28,27.6,1002.2,,
01/06/2010 17:00,8.91,347,12.03,29.4,1001.3,,
01/06/2010 18:00,5.76,345,12.71,31.2,1000.7,,
01/06/2010 19:00,8.25,345,13.01,32.8,1000.5,,
01/06/2010 20:00,7.66,348,11.14,33.9,1000.8,,
01/06/2010 21:00,9.72,335,14.38,32.6,1001.1,,
01/06/2010 22:00,9.24,332,15.31,30.5,1001.5,,
01/06/2010 23:00,7.01,325,12.73,29.5,1002.2,,
01/07/2010 00:00,10.30,323,14.97,28.0,1002.6,,
01/07/2010 01:00,10.38,339,15.72,26.6,1002.8,,
01/07/2010 02:00,9.60,336,12.70,26.0,1003.3,,
01/07/2010 03:00,8.97,318,11.37,25.6,1003.5,,
01/07/2010 04:00,5.05,325,9.33,25.7,1003.8,,
01/07/2010 05:00,9.31,325,12.17,28.0,1003.6,,
01/07/2010 06:00,7.19,331,11.68,27.3,1003.5,,
01/07/2010 07:00,7.12,321,10.41,27.4,1004.1,,
01/07/2010 08:00,6.01,324,8.89,27.2,1004.5,,
01/07/2010 09:00,8.06,340,11.87,27.3,1004.8,,
01/07/2010 10:00,5.50,333,9.54,27.2,1005.2,,
01/07/2010 11:00,6.57,338,8.77,27.0,1005.8,,
01/07/2010 12:00,9.14,339,11.08,27.3,1006.6,,
01/07/2010 13:00,6.97,316,9.53,27.4,1007.5,,
01/07/2010 14:00,8.31,330,9.88,29.0,1007.7,,
01/07/2010 15:00,7.69,333,12.38,31.6,1008.2,,
01/07/2010 16:00,7.44,354,10.55,34.6,1007.6,,
01/07/2010 17:00,8.87,343,13.01,37.5,1007.3,,
01/07/2010 18:00,7.88,327,14.67,38.9,1007.0,,
01/07/2010 19:00,8.47,319,12.97,39.4,1006.8,,
01/07/2010 20:00,10.09,317,15.47,39.6,1007.1,,
01/07/2010 21:00,12.01,322,16.27,38.6,1007.8,,
01/07/2010 22:00,10.13,316,13.62,37.2,1008.3,,
01/07/2010 23:00,7.99,300,9.92,35.9,1008.8,,
01/08/2010 00:00,10.11,301,12.05,34.3,1009.0,,
01/08/2010 01:00,9.33,309,11.27,32.7,1008.9,,
01/08/2010 02:00,6.22,311,7.58,32.2,1009.1,,
01/08/2010 03:00,4.08,293,6.61,31.6,1009.1,,
01/08/2010 04:00,5.68,322,8.30,31.3,1009.2,,
01/08/2010 05:00,3.89,327,7.39,30.7,1008.7,,
01/08/2010 06:00,6.03,319,7.78,30.6,1008.8,,
01/08/2010 07:00,4.86,310,6.41,30.2,1008.7,,
01/08/2010 08:00,5.22,347,7.20,29.7,1007.9,,
01/08/2010 09:00,4.11,342,5.32,29.4,1007.6,,
01/08/2010 10:00,5.02,319,6.31,28.9,1007.3,,
01/08/2010 11:00,3.48,5,6.01,29.0,1006.9,,
01/08/2010 12:00,4.06,13,5.98,28.9,1006.8,,
01/08/2010 13:00,3.96,9,5.26,27.6,1006.8,,
01/08/2010 14:00,4.79,10,8.18,27.2,1006.3,,
01/08/2010 15:00,4.78,7,5.64,27.3,1006.0,,
01/08/2010 16:00,4.17,51,5.54,27.5,1004.9,,
01/08/2010 17:00,3.94,356,4.88,28.2,1003.9,,
01/08/2010 18:00,1.71,34,3.45,29.1,1003.1,,
01/08/2010 19:00,4.39,20,5.69,29.3,1002.7,,
01/08/2010 20:00,4.88,22,7.47,28.7,1002.6,,
01/08/2010 21:00,5.21,304,6.05,29.3,1003.2,,
01/08/2010 22:00,3.57,7,6.61,29.2,1003.8,,
01/08/2010 23:00,7.59,343,13.83,28.6,1004.3,,
01/09/2010 00:00,11.89,3,15.18,28.0,1005.0,,
01/09/2010 01:00,13.61,3,22.16,26.2,1005.7,,
01/09/2010 02:00,13.80,3,17.88,24.8,1006.2,,
01/09/2010 03:00,10.10,2,15.64,24.7,1006.7,,
01/09/2010 04:00,12.56,356,22.03,23.5,1007.5,,
01/09/2010 05:00,12.62,0,16.89,23.1,1007.9,,
01/09/2010 06:00,12.45,6,17.18,22.8,1008.2,,
01/09/2010 07:00,11.59,8,13.85,22.7,1009.1,,
01/09/2010 08:00,6.71,360,14.84,23.0,1009.7,,
01/09/2010 09:00,6.01,1,12.26,23.4,1010.2,,
01/09/2010 10:00,11.89,0,16.05,23.2,1010.6,,
01/09/2010 11:00,8.40,338,12.39,22.7,1011.5,,
01/09/2010 12:00,7.67,336,10.37,21.6,1012.6,,
01/09/2010 13:00,9.35,340,11.70,20.9,1013.4,,
01/09/2010 14:00,6.85,0,13.98,21.9,1014.1,,
01/09/2010 15:00,12.40,9,18.12,22.6,1014.5,,
01/09/2010 16:00,9.95,5,15.21,24.3,1014.2,,
01/09/2010 17:00,9.43,2,14.19,26.3,1013.7,,
01/09/2010 18:00,8.84,357,14.17,28.2,1013.5,,
01/09/2010 19:00,11.53,6,16.55,29.2,1013.6,,
01/09/2010 20:00,9.54,14,15.54,29.9,1014.1,,
01/09/2010 21:00,10.40,9,15.33,29.5,1014.5,,
01/09/2010 22:00,8.72,354,13.05,28.1,1015.4,,
01/09/2010 23:00,6.92,345,14.68,26.7,1016.2,,
01/10/2010 00:00,9.56,4,16.13,24.8,1017.0,,
01/10/2010 01:00,9.67,6,20.56,23.4,1017.5,,
01/10/2010 02:00,8.37,8,16.85,22.3,1018.0,,
01/10/2010 03:00,15.83,15,22.91,21.2,1018.6,,
01/10/2010 04:00,15.92,11,21.72,19.7,1019.1,,
01/10/2010 05:00,15.20,17,20.12,19.0,1019.3,,
01/10/2010 06:00,15.35,29,21.61,17.9,1019.4,,
01/10/2010 07:00,12.68,18,16.35,17.1,1019.8,,
01/10/2010 08:00,10.90,15,15.40,16.7,1020.1,,
01/10/2010 09:00,12.22,17,15.61,16.0,1020.1,,
01/10/2010 10:00,9.29,20,14.10,15.6,1020.4,,
01/10/2010 11:00,9.09,10,13.06,15.7,1020.7,,
01/10/2010 12:00,10.77,3,13.89,15.1,1021.2,,
01/10/2010 13:00,9.03,3,13.45,15.1,1021.7,,
01/10/2010 14:00,7.75,9,12.53,16.9,1022.1,,
01/10/2010 15:00,11.59,16,16.06,18.5,1022.0,,
01/10/2010 16:00,10.55,20,16.06,19.4,1021.4,,
01/10/2010 17:00,8.81,16,17.17,22.4,1020.5,,
01/10/2010 18:00,8.92,12,15.88,24.4,1019.9,,
01/10/2010 19:00,7.60,16,16.13,26.3,1019.4,,
01/10/2010 20:00,6.05,8,8.11,27.9,1019.3,,
01/10/2010 21:00,6.99,7,11.73,27.7,1019.4,,
01/10/2010 22:00,7.78,338,12.63,27.1,1019.7,,
01/10/2010 23:00,7.44,347,9.73,26.4,1020.1,,
01/11/2010 00:00,7.39,338,12.05,25.1,1020.6,,
01/11/2010 01:00,7.19,328,10.69,23.2,1020.8,,
01/11/2010 02:00,7.78,339,11.27,22.5,1020.7,,
01/11/2010 03:00,7.35,333,11.45,21.4,1020.4,,
01/11/2010 04:00,8.44,306,9.58,21.0,1020.2,,
01/11/2010 05:00,5.75,280,6.68,20.8,1019.9,,
01/11/2010 06:00,5.69,289,8.95,20.3,1019.6,,
01/11/2010 07:00,6.50,289,10.09,19.6,1019.4,,
01/11/2010 08:00,7.70,292,11.00,19.5,1019.1,,
01/11/2010 09:00,6.20,300,8.84,19.4,1018.8,,
01/11/2010 10:00,5.64,303,9.56,19.2,1018.9,,
01/11/2010 11:00,8.31,309,10.51,20.1,1018.9,,
01/11/2010 12:00,4.58,311,5.95,20.8,1018.9,,
01/11/2010 13:00,6.17,276,9.39,20.1,1019.1,,
01/11/2010 14:00,9.23,302,11.96,23.3,1019.0,,
01/11/2010 15:00,5.43,298,8.02,25.7,1018.8,,
01/11/2010 16:00,7.77,299,9.16,27.5,1018.4,,
01/11/2010 17:00,4.27,302,7.02,28.5,1017.1,,
01/11/2010 18:00,3.59,294,7.44,31.2,1016.3,,
01/11/2010 19:00,5.20,283,9.85,33.2,1015.6,,
01/11/2010 20:00,6.41,280,8.75,33.8,1015.4,,
01/11/2010 21:00,6.02,291,10.83,33.8,1015.3,,
01/11/2010 22:00,5.52,290,9.64,33.0,1015.5,,
01/11/2010 23:00,8.91,309,11.69,31.9,1015.8,,
01/12/2010 00:00,9.12,308,11.37,31.3,1016.2,,
01/12/2010 01:00,7.39,304,8.94,30.6,1016.5,,
01/12/2010 02:00,8.97,301,11.29,30.3,1016.4,,
01/12/2010 03:00,8.83,304,11.21,29.5,1016.4,,
01/12/2010 04:00,7.21,308,9.27,28.8,1016.2,,
01/12/2010 05:00,5.38,311,8.20,28.5,1016.0,,
01/12/2010 06:00,6.63,339,11.21,27.9,1016.0,,
01/12/2010 07:00,7.97,342,10.65,28.1,1015.8,,
01/12/2010 08:00,6.39,329,10.52,28.0,1015.8,,
01/12/2010 09:00,6.93,339,9.02,28.1,1015.3,,
01/12/2010 10:00,3.53,357,6.59,28.4,1014.9,,
01/12/2010 11:00,4.76,4,6.54,28.2,1015.2,,
01/12/2010 12:00,4.85,3,7.62,27.9,1015.4,,
01/12/2010 13:00,4.49,359,9.99,28.2,1015.4,,
01/12/2010 14:00,7.16,345,12.06,28.7,1014.9,,
01/12/2010 15:00,9.16,345,12.49,30.0,1014.8,,
01/12/2010 16:00,9.09,340,12.62,30.7,1014.1,,
01/12/2010 17:00,7.26,327,10.63,31.6,1013.3,,
01/12/2010 18:00,8.20,343,13.29,32.5,1012.3,,
01/12/2010 19:00,3.95,338,8.57,34.4,1011.2,,
01/12/2010 20:00,7.10,340,11.11,35.0,1011.1,,
01/12/2010 21:00,11.23,343,14.71,34.6,1011.1,,
01/12/2010 22:00,15.18,318,19.43,33.1,1011.5,,
01/12/2010 23:00,16.75,340,19.82,29.7,1012.9,,
01/13/2010 00:00,13.22,344,21.58,28.4,1013.8,,
01/13/2010 01:00,10.89,351,14.97,27.0,1014.2,,
01/13/2010 02:00,17.30,9,22.55,25.3,1014.8,,
01/13/2010 03:00,14.00,7,19.44,24.1,1015.7,,
01/13/2010 04:00,18.49,2,23.54,22.1,1016.8,,
01/13/2010 05:00,19.90,0,25.48,20.8,1016.7,,
01/13/2010 06:00,15.54,8,23.20,20.2,1016.9,,
01/13/2010 07:00,13.29,2,18.37,19.5,1017.4,,
01/13/2010 08:00,11.10,0,16.88,18.5,1017.6,,
01/13/2010 09:00,10.00,357,17.91,18.0,1017.2,,
01/13/2010 10:00,11.25,6,15.77,18.0,1017.4,,
01/13/2010 11:00,8.80,351,14.25,18.4,1018.0,,
01/13/2010 12:00,10.25,3,16.46,18.7,1018.5,,
01/13/2010 13:00,9.17,2,13.11,20.1,1019.3,,
01/13/2010 14:00,11.15,360,15.39,21.6,1019.6,,
01/13/2010 15:00,14.14,7,20.63,24.1,1019.9,,
01/13/2010 16:00,11.25,13,17.22,26.0,1019.4,,
01/13/2010 17:00,13.01,2,16.68,28.5,1018.2,,
01/13/2010 18:00,9.16,349,11.75,30.7,1018.0,,
01/13/2010 19:00,8.47,1,15.38,31.3,1017.9,,
01/13/2010 20:00,8.58,346,15.03,30.4,1018.5,,
01/13/2010 21:00,9.26,348,12.83,29.0,1018.8,,
01/13/2010 22:00,10.05,3,14.91,26.7,1019.4,,
01/13/2010 23:00,5.23,326,9.03,26.0,1019.9,,
01/14/2010 00:00,4.99,348,7.26,26.0,1019.9,,
01/14/2010 01:00,6.61,275,7.78,27.7,1019.9,,
01/14/2010 02:00,0.88,356,3.01,28.6,1020.1,,
01/14/2010 03:00,5.83,339,9.52,29.9,1020.3,,
01/14/2010 04:00,5.57,344,7.94,30.2,1020.6,,
01/14/2010 05:00,5.41,341,7.42,30.3,1020.9,,
01/14/2010 06:00,4.28,340,7.98,30.5,1021.1,,
01/14/2010 07:00,5.54,344,7.14,30.4,1021.4,,
01/14/2010 08:00,6.07,344,7.30,30.6,1021.8,,
01/14/2010 09:00,4.27,3,6.48,31.0,1021.9,,
01/14/2010 10:00,5.79,7,7.93,31.1,1022.5,,
01/14/2010 11:00,2.33,19,5.05,31.1,1022.9,,
01/14/2010 12:00,4.67,72,5.64,28.8,1023.5,,
01/14/2010 13:00,1.69,120,3.33,29.0,1024.4,,
01/14/2010 14:00,3.62,60,4.98,28.8,1024.6,,
01/14/2010 15:00,1.92,340,4.42,30.0,1025.1,,
01/14/2010 16:00,6.76,37,7.00,30.4,1024.7,,
01/14/2010 17:00,2.88,37,3.63,31.3,1024.6,,
01/14/2010 18:00,2.79,299,4.02,32.9,1024.1,,
01/14/2010 19:00,2.45,252,2.82,34.6,1023.7,,
01/14/2010 20:00,4.64,135,6.80,33.7,1023.8,,
01/14/2010 21:00,6.73,192,7.75,33.2,1023.5,,
01/14/2010 22:00,4.76,193,5.46,32.6,1023.4,,
01/14/2010 23:00,3.25,170,4.27,32.3,1023.4,,
01/15/2010 00:00,4.51,188,5.36,33.8,1023.5,,
01/15/2010 01:00,8.94,228,11.27,36.3,1023.4,,
01/15/2010 02:00,8.40,222,11.50,37.1,1022.7,,
01/15/2010 03:00,9.73,227,12.97,38.4,1022.4,,
01/15/2010 04:00,10.34,234,11.75,39.1,1021.8,,
01/15/2010 05:00,8.70,263,10.13,37.5,1021.5,,
01/15/2010 06:00,10.10,267,13.18,35.9,1021.3,,
01/15/2010 07:00,7.65,247,9.28,35.9,1020.8,,
01/15/2010 08:00,4.80,223,7.28,36.6,1020.1,,
01/15/2010 09:00,13.12,248,14.76,38.7,1018.8,,
01/15/2010 10:00,10.52,259,14.52,37.9,1018.4,,
01/15/2010 11:00,12.73,262,16.67,37.5,1018.3,,
01/15/2010 12:00,12.44,261,15.36,37.6,1018.2,,
01/15/2010 13:00,12.26,266,15.19,37.0,1018.3,,
01/15/2010 14:00,12.71,260,16.99,38.0,1018.4,,
01/15/2010 15:00,11.13,255,14.25,39.6,1018.3,,
01/15/2010 16:00,11.14,248,13.76,39.6,1017.4,,
01/15/2010 17:00,8.36,259,9.91,41.4,1016.8,,
01/15/2010 18:00,10.13,251,12.15,39.2,1015.9,,
01/15/2010 19:00,7.07,276,10.56,42.4,1015.4,,
01/15/2010 20:00,5.06,300,7.09,44.1,1015.8,,
01/15/2010 21:00,,0,,,,,
01/15/2010 22:00,6.03,354,10.30,42.8,1017.8,,
01/15/2010 23:00,10.96,336,15.06,42.5,1018.5,,
01/16/2010 00:00,6.84,321,9.70,41.7,1019.3,,
01/16/2010 01:00,7.39,319,10.06,41.4,1019.7,,
01/16/2010 02:00,9.59,314,12.37,40.6,1019.9,,
01/16/2010 03:00,11.00,310,14.95,39.9,1019.8,,
01/16/2010 04:00,8.03,298,10.44,39.5,1020.4,,
01/16/2010 05:00,6.15,289,11.16,38.4,1020.3,,
01/16/2010 06:00,8.70,306,13.45,37.6,1020.2,,
01/16/2010 07:00,4.95,296,9.53,37.2,1019.7,,
01/16/2010 08:00,4.43,243,5.50,36.3,1020.0,,
01/16/2010 09:00,3.89,262,4.91,35.1,1020.3,,
01/16/2010 10:00,8.51,276,8.98,34.7,1020.7,,
01/16/2010 11:00,7.41,279,9.54,34.6,1020.2,,
01/16/2010 12:00,8.85,274,11.35,35.5,1020.4,,
01/16/2010 13:00,8.12,276,9.38,36.0,1019.9,,
01/16/2010 14:00,6.25,290,12.96,37.3,1020.8,,
01/16/2010 15:00,5.12,284,9.16,38.8,1020.3,,
01/16/2010 16:00,10.32,271,12.46,39.3,1018.8,,
01/16/2010 17:00,11.03,266,12.14,41.0,1017.7,,
01/16/2010 18:00,8.88,272,10.89,43.0,1016.9,,
01/16/2010 19:00,14.81,246,17.53,39.8,1016.1,,
01/16/2010 20:00,12.37,243,15.02,40.6,1016.3,,
01/16/2010 21:00,10.03,260,12.01,41.7,1017.3,,
01/16/2010 22:00,6.60,250,7.39,40.3,1017.7,,
01/16/2010 23:00,3.90,233,4.88,39.2,1017.9,,
01/17/2010 00:00,6.78,266,9.50,39.4,1018.3,,
01/17/2010 01:00,6.80,267,7.78,38.4,1018.9,,
01/17/2010 02:00,4.59,302,4.69,37.4,1019.5,,
01/17/2010 03:00,4.17,347,7.03,39.2,1019.7,,
01/17/2010 04:00,2.64,325,5.67,38.1,1020.2,,
01/17/2010 05:00,3.16,31,3.81,37.0,1019.7,,
01/17/2010 06:00,3.89,24,5.40,37.6,1019.4,,
01/17/2010 07:00,2.07,35,4.08,34.6,1019.3,,
01/17/2010 08:00,1.10,344,2.25,35.2,1019.9,,
01/17/2010 09:00,0.31,53,0.72,32.4,1020.5,,
01/17/2010 10:00,1.07,15,1.70,31.4,1020.9,,
01/17/2010 11:00,2.38,50,3.54,32.3,1020.5,,
01/17/2010 12:00,4.24,38,5.48,33.1,1020.1,,
01/17/2010 13:00,4.07,28,5.94,33.9,1020.6,,
01/17/2010 14:00,3.71,11,5.67,34.4,1021.4,,
01/17/2010 15:00,3.06,22,5.90,35.9,1021.2,,
01/17/2010 16:00,2.48,95,4.10,40.1,1020.0,,
01/17/2010 17:00,7.28,133,10.49,40.8,1018.9,,
01/17/2010 18:00,7.10,127,10.02,41.0,1017.6,,
01/17/2010 19:00,7.78,133,10.59,40.7,1017.4,,
01/17/2010 20:00,7.15,124,10.72,40.3,1017.1,,
01/17/2010 21:00,,0,,,,,
01/17/2010 22:00,8.49,104,12.05,39.6,1015.2,,
01/17/2010 23:00,8.18,95,11.63,38.8,1014.0,,
01/18/2010 00:00,9.75,100,13.23,39.5,1013.1,,
01/18/2010 01:00,15.08,105,21.95,39.6,1011.2,,
01/18/2010 02:00,18.24,101,22.92,39.3,1009.2,,
01/18/2010 03:00,18.51,107,24.02,39.5,1007.9,,
01/18/2010 04:00,16.29,97,23.07,40.6,1005.8,,
01/18/2010 05:00,15.86,89,19.60,40.8,1003.4,,
01/18/2010 06:00,14.80,52,17.14,39.8,1001.1,,
01/18/2010 07:00,17.27,52,20.31,40.0,999.6,,
01/18/2010 08:00,13.48,47,20.01,39.8,998.1,,
01/18/2010 09:00,18.69,47,27.10,39.6,997.1,,
01/18/2010 10:00,20.86,39,27.93,38.6,996.8,,
01/18/2010 11:00,23.86,34,31.76,37.6,997.0,,
01/18/2010 12:00,25.05,33,31.26,37.5,997.5,,
01/18/2010 13:00,23.99,26,40.02,35.5,998.3,,
01/18/2010 14:00,22.79,28,34.91,35.0,1000.6,,
01/18/2010 15:00,24.13,31,30.63,36.4,1001.6,,
01/18/2010 16:00,21.91,25,31.04,37.0,1002.0,,
01/18/2010 17:00,17.57,24,27.79,36.6,1002.8,,
01/18/2010 18:00,16.62,20,30.40,35.8,1003.8,,
01/18/2010 19:00,18.68,25,26.80,34.9,1005.1,,
01/18/2010 20:00,15.62,27,24.80,35.5,1005.9,,
01/18/2010 21:00,16.05,29,23.28,35.2,1007.1,,
01/18/2010 22:00,13.35,27,21.39,34.7,1009.1,,
01/18/2010 23:00,12.04,19,18.02,34.0,1010.2,,
01/19/2010 00:00,12.63,28,19.15,33.5,1011.0,,
01/19/2010 01:00,12.83,33,17.20,33.2,1012.1,,
01/19/2010 02:00,9.06,16,10.89,33.4,1012.8,,
01/19/2010 03:00,9.52,27,11.47,33.6,1013.4,,
01/19/2010 04:00,8.58,27,10.78,33.3,1013.7,,
01/19/2010 05:00,5.24,15,6.09,33.5,1014.0,,
01/19/2010 06:00,2.85,10,4.64,33.8,1014.1,,
01/19/2010 07:00,1.74,77,3.86,33.7,1013.9,,
01/19/2010 08:00,1.28,8,2.76,33.7,1014.5,,
01/19/2010 09:00,3.14,109,3.62,33.3,1014.1,,
01/19/2010 10:00,0.51,80,0.77,32.8,1014.3,,
01/19/2010 11:00,1.89,74,2.41,32.9,1014.3,,
01/19/2010 12:00,2.72,97,2.97,33.4,1014.3,,
01/19/2010 13:00,2.94,158,3.98,33.6,1015.2,,
01/19/2010 14:00,3.68,152,4.19,34.5,1015.3,,
01/19/2010 15:00,5.75,170,7.47,35.1,1014.9,,
01/19/2010 16:00,6.30,144,8.50,35.8,1014.1,,
01/19/2010 17:00,6.83,157,9.15,37.8,1012.7,,
01/19/2010 18:00,9.33,160,11.33,38.0,1011.2,,
01/19/2010 19:00,6.51,199,11.35,39.6,1010.8,,
01/19/2010 20:00,9.81,199,13.32,41.0,1010.6,,
01/19/2010 21:00,6.24,251,7.74,41.2,1010.6,,
01/19/2010 22:00,7.01,16,8.68,39.2,1010.5,,
01/19/2010 23:00,3.39,32,5.17,38.4,1010.3,,
01/20/2010 00:00,3.22,30,4.34,38.4,1010.2,,
01/20/2010 01:00,0.66,159,1.29,38.6,1010.2,,
01/20/2010 02:00,1.11,336,1.71,37.9,1009.9,,
01/20/2010 03:00,1.75,338,2.33,37.7,1009.8,,
01/20/2010 04:00,0.95,354,1.64,37.7,1010.0,,
01/20/2010 05:00,4.59,17,7.97,36.7,1010.0,,
01/20/2010 06:00,5.42,32,8.20,35.8,1010.0,,
01/20/2010 07:00,6.93,12,9.12,35.7,1010.2,,
01/20/2010 08:00,5.03,12,7.90,35.3,1010.0,,
01/20/2010 09:00,4.36,9,5.26,35.3,1010.0,,
01/20/2010 10:00,2.33,14,3.00,35.2,1009.8,,
01/20/2010 11:00,4.45,303,4.81,35.2,1010.0,,
01/20/2010 12:00,4.67,319,6.61,34.7,1010.2,,
01/20/2010 13:00,6.87,312,8.76,34.7,1010.6,,
01/20/2010 14:00,10.51,312,12.75,35.3,1010.9,,
01/20/2010 15:00,5.97,347,8.45,36.0,1010.7,,
01/20/2010 16:00,6.68,346,9.43,36.2,1010.4,,
01/20/2010 17:00,6.72,336,12.43,36.9,1009.8,,
01/20/2010 18:00,10.30,341,13.00,37.3,1009.7,,
01/20/2010 19:00,6.87,2,12.31,38.3,1010.1,,
01/20/2010 20:00,10.58,4,17.51,39.0,1010.3,,
01/20/2010 21:00,9.24,8,13.34,39.4,1010.7,,
01/20/2010 22:00,7.20,356,13.61,38.5,1011.8,,
01/20/2010 23:00,6.86,335,9.63,37.6,1013.0,,
01/21/2010 00:00,6.55,338,9.50,36.6,1013.9,,
01/21/2010 01:00,9.52,346,14.38,36.7,1014.3,,
01/21/2010 02:00,11.76,6,16.51,36.4,1014.7,,
01/21/2010 03:00,11.30,1,13.41,35.8,1015.2,,
01/21/2010 04:00,10.20,4,18.34,34.9,1015.4,,
01/21/2010 05:00,11.00,6,12.88,34.0,1015.8,,
01/21/2010 06:00,12.84,9,16.42,33.7,1016.5,,
01/21/2010 07:00,10.19,14,15.69,33.3,1017.5,,
01/21/2010 08:00,11.41,14,15.81,32.7,1017.8,,
01/21/2010 09:00,10.00,19,14.98,32.2,1018.5,,
01/21/2010 10:00,9.50,15,15.23,32.0,1019.3,,
01/21/2010 11:00,7.05,17,11.81,31.9,1019.9,,
01/21/2010 12:00,5.05,8,8.78,31.6,1020.7,,
01/21/2010 13:00,2.81,16,6.04,32.2,1021.6,,
01/21/2010 14:00,8.07,24,11.85,33.5,1021.9,,
01/21/2010 15:00,6.05,26,11.60,35.0,1022.4,,
01/21/2010 16:00,6.73,14,10.83,36.8,1022.2,,
01/21/2010 17:00,4.72,24,6.02,37.1,1021.3,,
01/21/2010 18:00,1.31,2,1.75,39.6,1020.9,,
01/21/2010 19:00,8.32,232,9.61,37.9,1020.2,,
01/21/2010 20:00,3.33,211,4.93,40.6,1019.9,,
01/21/2010 21:00,0.00,78,0.45,42.0,1020.2,,
01/21/2010 22:00,1.00,221,1.08,38.5,1020.2,,
01/21/2010 23:00,6.28,239,8.03,36.7,1020.3,,
01/22/2010 00:00,6.08,222,6.60,35.2,1021.0,,
01/22/2010 01:00,2.49,72,4.68,34.1,1020.5,,
01/22/2010 02:00,0.79,204,1.16,33.8,1019.8,,
01/22/2010 03:00,3.51,258,4.73,34.1,1019.9,,
01/22/2010 04:00,1.81,358,2.53,33.4,1019.7,,
01/22/2010 05:00,2.13,292,3.49,33.8,1019.9,,
01/22/2010 06:00,2.28,306,5.85,32.6,1019.2,,
01/22/2010 07:00,2.66,1,3.52,32.1,1018.1,,
01/22/2010 08:00,4.45,14,7.50,31.4,1016.8,,
01/22/2010 09:00,4.54,37,6.58,31.3,1015.3,,
01/22/2010 10:00,1.06,53,1.29,30.9,1016.3,,
01/22/2010 11:00,5.86,34,7.26,31.5,1015.4,,
01/22/2010 12:00,4.04,35,6.70,31.1,1015.6,,
01/22/2010 13:00,5.52,49,7.23,31.0,1015.0,,
01/22/2010 14:00,8.87,34,12.58,31.2,1014.7,,
01/22/2010 15:00,9.99,41,14.49,32.2,1014.4,,
01/22/2010 16:00,12.91,34,16.52,32.1,1013.4,,
01/22/2010 17:00,9.27,33,12.70,34.6,1013.0,,
01/22/2010 18:00,9.14,43,17.88,37.4,1011.5,,
01/22/2010 19:00,13.10,49,17.96,39.6,1011.2,,
01/22/2010 20:00,14.63,46,19.48,38.6,1011.9,,
01/22/2010 21:00,15.20,53,21.78,36.5,1012.8,,
01/22/2010 22:00,17.95,52,26.72,35.3,1013.5,,
01/22/2010 23:00,16.29,45,19.51,35.7,1014.4,,
01/23/2010 00:00,16.43,55,22.13,35.0,1015.0,,
01/23/2010 01:00,13.18,47,20.29,34.5,1015.4,,
01/23/2010 02:00,12.83,41,18.03,34.0,1016.1,,
01/23/2010 03:00,13.58,25,17.47,33.1,1016.7,,
01/23/2010 04:00,10.29,34,14.42,32.9,1017.5,,
01/23/2010 05:00,10.78,25,17.62,32.0,1017.9,,
01/23/2010 06:00,9.38,25,17.59,31.7,1018.3,,
01/23/2010 07:00,13.73,38,17.33,31.4,1019.1,,
01/23/2010 08:00,12.42,38,16.59,30.9,1019.5,,
01/23/2010 09:00,11.36,33,15.75,29.8,1019.8,,
01/23/2010 10:00,9.31,22,15.13,28.6,1020.8,,
01/23/2010 11:00,10.40,28,15.03,27.9,1022.0,,
01/23/2010 12:00,9.98,22,14.75,27.6,1023.1,,
01/23/2010 13:00,10.21,26,12.57,27.7,1023.6,,
01/23/2010 14:00,8.30,27,13.18,28.6,1024.2,,
01/23/2010 15:00,7.37,31,12.34,30.1,1024.4,,
01/23/2010 16:00,10.09,22,13.03,32.4,1024.1,,
01/23/2010 17:00,9.97,15,11.39,33.9,1023.7,,
01/23/2010 18:00,5.27,16,8.08,35.1,1023.2,,
01/23/2010 19:00,8.09,21,10.11,35.8,1022.7,,
01/23/2010 20:00,4.78,335,6.32,36.9,1022.4,,
01/23/2010 21:00,5.30,46,6.13,37.3,1022.7,,
01/23/2010 22:00,2.69,84,2.96,36.5,1023.9,,
01/23/2010 23:00,4.03,248,6.10,34.8,1025.3,,
01/24/2010 00:00,5.05,281,7.89,33.6,1025.8,,
01/24/2010 01:00,3.71,217,4.19,33.7,1025.3,,
01/24/2010 02:00,5.30,236,6.44,34.4,1025.4,,
01/24/2010 03:00,5.77,250,7.73,33.3,1025.0,,
01/24/2010 04:00,4.77,256,5.54,32.1,1024.7,,
01/24/2010 05:00,3.94,289,6.06,31.8,1024.5,,
01/24/2010 06:00,4.32,259,4.93,32.0,1024.4,,
01/24/2010 07:00,4.65,279,7.15,31.7,1024.7,,
01/24/2010 08:00,3.30,294,4.60,31.5,1024.7,,
01/24/2010 09:00,4.69,252,5.98,32.4,1024.3,,
01/24/2010 10:00,4.88,254,5.94,32.7,1024.3,,
01/24/2010 11:00,2.80,287,4.74,31.6,1024.9,,
01/24/2010 12:00,0.30,30,3.22,31.1,1024.8,,
01/24/2010 13:00,0.00,38,0.52,31.4,1024.8,,
01/24/2010 14:00,1.30,129,1.43,32.9,1024.6,,
01/24/2010 15:00,3.76,203,6.80,38.6,1024.2,,
01/24/2010 16:00,8.54,212,10.51,39.7,1023.4,,
01/24/2010 17:00,7.82,187,10.18,39.7,1022.5,,
01/24/2010 18:00,8.97,160,10.62,39.0,1021.1,,
01/24/2010 19:00,6.63,148,10.40,38.3,1020.7,,
01/24/2010 20:00,8.55,139,11.61,38.7,1020.1,,
01/24/2010 21:00,9.62,133,12.22,38.8,1019.6,,
01/24/2010 22:00,8.74,129,14.07,39.4,1019.5,,
01/24/2010 23:00,7.51,129,11.37,40.3,1019.1,,
01/25/2010 00:00,11.11,130,14.42,40.6,1018.2,,
01/25/2010 01:00,6.03,155,8.75,41.5,1017.5,,
01/25/2010 02:00,4.86,185,12.05,43.9,1017.0,,
01/25/2010 03:00,14.97,187,19.83,46.9,1016.3,,
01/25/2010 04:00,15.55,192,20.22,47.8,1015.9,,
01/25/2010 05:00,12.62,179,17.80,47.3,1014.8,,
01/25/2010 06:00,12.05,182,14.97,46.8,1014.1,,
01/25/2010 07:00,16.65,188,21.17,49.3,1014.0,,
01/25/2010 08:00,13.50,180,20.18,48.7,1013.1,,
01/25/2010 09:00,17.22,182,21.95,49.9,1011.8,,
01/25/2010 10:00,18.66,181,26.00,50.2,1011.1,,
01/25/2010 11:00,17.41,171,24.24,48.5,1010.3,,
01/25/2010 12:00,14.19,161,18.89,46.4,1009.3,,
01/25/2010 13:00,18.57,172,22.43,49.2,1008.7,,
01/25/2010 14:00,20.47,164,25.08,49.0,1007.5,,
01/25/2010 15:00,20.62,162,26.46,48.6,1005.7,,
01/25/2010 16:00,18.75,161,23.78,48.2,1003.9,,
01/25/2010 17:00,18.12,160,26.04,47.1,1001.1,,
01/25/2010 18:00,21.18,161,29.47,48.5,998.7,,
01/25/2010 19:00,20.68,165,28.83,49.1,996.3,,
01/25/2010 20:00,23.40,173,32.93,50.3,994.2,,
01/25/2010 21:00,27.32,179,39.64,51.2,992.8,,
01/25/2010 22:00,25.52,237,35.66,50.3,992.8,,
01/25/2010 23:00,26.21,222,35.20,51.7,992.6,,
01/26/2010 00:00,12.62,225,15.46,48.5,992.5,,
01/26/2010 01:00,17.49,229,22.35,47.5,992.9,,
01/26/2010 02:00,13.00,230,13.49,43.6,993.1,,
01/26/2010 03:00,12.52,237,15.21,42.7,993.4,,
01/26/2010 04:00,6.58,259,7.65,43.3,994.1,,
01/26/2010 05:00,8.75,199,9.73,42.2,993.9,,
01/26/2010 06:00,8.11,228,10.30,39.8,994.2,,
01/26/2010 07:00,3.15,193,4.68,39.0,994.1,,
01/26/2010 08:00,1.68,311,1.90,39.5,994.4,,
01/26/2010 09:00,5.53,6,8.47,44.0,995.9,,
01/26/2010 10:00,5.37,12,7.15,41.6,996.3,,
01/26/2010 11:00,4.40,330,8.18,40.5,997.7,,
01/26/2010 12:00,4.96,318,5.87,39.4,998.3,,
01/26/2010 13:00,9.03,306,10.92,38.6,999.9,,
01/26/2010 14:00,7.86,267,10.61,39.4,1000.9,,
01/26/2010 15:00,9.26,285,12.35,41.9,1001.3,,
01/26/2010 16:00,10.45,286,16.16,43.3,1001.3,,
01/26/2010 17:00,15.29,279,21.53,43.7,1000.9,,
01/26/2010 18:00,18.78,245,22.78,41.6,1001.0,,
01/26/2010 19:00,18.90,278,24.44,43.0,1001.3,,
01/26/2010 20:00,16.23,273,27.67,42.9,1002.2,,
01/26/2010 21:00,13.52,278,18.73,42.4,1003.0,,
01/26/2010 22:00,8.81,272,11.47,41.0,1004.0,,
01/26/2010 23:00,11.09,267,14.95,40.1,1005.1,,
01/27/2010 00:00,8.82,274,11.41,39.4,1006.3,,
01/27/2010 01:00,3.40,288,6.47,38.4,1006.7,,
01/27/2010 02:00,5.65,281,7.96,37.8,1007.2,,
01/27/2010 03:00,5.35,281,8.14,37.5,1007.5,,
01/27/2010 04:00,4.49,284,8.51,36.8,1007.9,,
01/27/2010 05:00,7.47,278,9.28,35.9,1008.1,,
01/27/2010 06:00,5.78,275,7.44,35.3,1008.8,,
01/27/2010 07:00,7.84,296,11.39,35.4,1009.4,,
01/27/2010 08:00,9.96,303,11.85,34.9,1009.6,,
01/27/2010 09:00,8.76,303,10.62,33.9,1010.4,,
01/27/2010 10:00,4.71,326,7.01,33.5,1011.0,,
01/27/2010 11:00,3.70,320,5.43,33.6,1012.0,,
01/27/2010 12:00,6.61,317,7.55,33.2,1013.1,,
01/27/2010 13:00,6.20,304,7.47,33.3,1014.1,,
01/27/2010 14:00,6.27,314,7.16,34.4,1014.7,,
01/27/2010 15:00,7.65,341,11.88,36.6,1015.2,,
01/27/2010 16:00,8.35,347,12.12,37.8,1015.2,,
01/27/2010 17:00,5.16,342,8.25,39.1,1014.7,,
01/27/2010 18:00,6.02,322,10.81,41.0,1014.6,,
01/27/2010 19:00,8.65,247,10.43,40.4,1014.9,,
01/27/2010 20:00,13.54,254,17.57,39.3,1015.2,,
01/27/2010 21:00,11.50,252,14.84,39.0,1015.7,,
01/27/2010 22:00,10.30,261,11.86,37.9,1016.5,,
01/27/2010 23:00,7.85,277,11.14,37.0,1017.0,,
01/28/2010 00:00,6.73,295,8.27,36.7,1018.0,,
01/28/2010 01:00,6.80,293,10.89,36.1,1018.8,,
01/28/2010 02:00,5.10,312,6.35,35.2,1019.3,,
01/28/2010 03:00,6.09,288,8.65,34.7,1019.8,,
01/28/2010 04:00,6.22,285,7.97,34.2,1020.1,,
01/28/2010 05:00,5.58,278,7.39,33.6,1019.5,,
01/28/2010 06:00,4.79,268,6.15,33.0,1019.5,,
01/28/2010 07:00,4.52,281,8.32,32.9,1019.7,,
01/28/2010 08:00,6.32,271,8.04,32.5,1019.6,,
01/28/2010 09:00,5.99,260,8.13,33.3,1019.5,,
01/28/2010 10:00,3.88,246,5.82,33.0,1018.9,,
01/28/2010 11:00,5.78,248,7.37,33.0,1018.6,,
01/28/2010 12:00,7.66,273,9.12,33.4,1018.3,,
01/28/2010 13:00,5.59,260,8.08,34.0,1018.0,,
01/28/2010 14:00,9.60,267,13.33,34.9,1017.4,,
01/28/2010 15:00,10.38,246,12.00,35.5,1016.7,,
01/28/2010 16:00,15.96,255,17.18,34.6,1015.6,,
01/28/2010 17:00,10.16,259,12.87,32.9,1014.2,,
01/28/2010 18:00,7.58,251,10.09,33.4,1012.0,,
01/28/2010 19:00,7.32,222,10.31,35.2,1010.8,,
01/28/2010 20:00,5.56,233,6.89,35.9,1009.7,,
01/28/2010 21:00,6.50,252,8.82,36.9,1008.9,,
01/28/2010 22:00,8.86,254,11.78,37.2,1008.3,,
01/28/2010 23:00,10.32,274,14.07,36.8,1008.7,,
01/29/2010 00:00,24.86,343,33.68,30.8,1010.2,,
01/29/2010 01:00,19.05,336,30.32,29.6,1012.4,,
01/29/2010 02:00,17.49,333,22.35,27.2,1013.5,,
01/29/2010 03:00,19.24,339,27.02,23.9,1014.9,,
01/29/2010 04:00,17.30,319,26.05,22.3,1015.4,,
01/29/2010 05:00,13.95,326,25.00,21.1,1016.0,,
01/29/2010 06:00,19.52,318,28.25,20.2,1016.1,,
01/29/2010 07:00,13.03,331,19.27,19.4,1016.6,,
01/29/2010 08:00,16.04,319,22.57,18.5,1017.1,,
01/29/2010 09:00,21.50,310,25.49,18.0,1017.4,,
01/29/2010 10:00,18.08,325,29.45,16.5,1018.4,,
01/29/2010 11:00,18.81,311,25.32,16.0,1018.9,,
01/29/2010 12:00,19.02,310,29.34,14.7,1019.1,,
01/29/2010 13:00,19.68,319,28.99,14.6,1019.7,,
01/29/2010 14:00,24.17,314,30.26,15.4,1019.4,,
01/29/2010 15:00,18.72,331,30.10,16.1,1019.5,,
01/29/2010 16:00,20.21,326,33.19,17.2,1019.3,,
01/29/2010 17:00,23.92,345,32.94,19.0,1018.0,,
01/29/2010 18:00,24.38,321,30.18,19.2,1016.8,,
01/29/2010 19:00,18.43,325,29.56,20.5,1017.3,,
01/29/2010 20:00,19.77,330,27.47,19.8,1017.9,,
01/29/2010 21:00,24.15,337,32.78,19.2,1018.5,,
01/29/2010 22:00,19.05,329,26.82,18.1,1019.7,,
01/29/2010 23:00,16.21,333,28.23,17.5,1020.1,,
01/30/2010 00:00,17.64,325,34.87,16.8,1020.4,,
01/30/2010 01:00,18.10,319,28.13,16.3,1020.6,,
01/30/2010 02:00,19.37,319,26.13,15.1,1020.7,,
01/30/2010 03:00,18.47,315,21.47,14.3,1021.3,,
01/30/2010 04:00,18.41,319,23.50,13.8,1021.3,,
01/30/2010 05:00,17.83,313,22.27,13.2,1021.4,,
01/30/2010 06:00,19.95,308,24.96,12.6,1020.9,,
01/30/2010 07:00,21.01,316,30.09,12.4,1021.5,,
01/30/2010 08:00,16.97,331,25.95,11.2,1021.8,,
01/30/2010 09:00,18.28,314,21.76,10.1,1021.6,,
01/30/2010 10:00,12.44,334,23.94,9.1,1022.0,,
01/30/2010 11:00,11.10,329,17.62,8.6,1022.1,,
01/30/2010 12:00,11.76,353,19.52,8.2,1021.9,,
01/30/2010 13:00,13.75,7,20.79,8.9,1021.6,,
01/30/2010 14:00,10.13,350,15.70,10.7,1022.3,,
01/30/2010 15:00,12.46,2,18.64,13.0,1021.5,,
01/30/2010 16:00,11.44,20,17.04,15.2,1020.7,,
01/30/2010 17:00,9.04,33,12.93,17.2,1020.1,,
01/30/2010 18:00,7.55,35,11.69,18.7,1019.6,,
01/30/2010 19:00,4.56,11,8.41,19.7,1019.4,,
01/30/2010 20:00,5.02,21,7.21,20.9,1019.3,,
01/30/2010 21:00,3.47,53,5.22,21.7,1019.0,,
01/30/2010 22:00,4.41,23,6.09,21.7,1019.1,,
01/30/2010 23:00,5.08,44,7.68,22.5,1018.9,,
01/31/2010 00:00,6.59,57,9.08,22.3,1018.4,,
01/31/2010 01:00,7.58,54,11.86,22.3,1017.1,,
01/31/2010 02:00,8.94,50,12.44,22.3,1016.3,,
01/31/2010 03:00,11.21,50,14.18,22.1,1015.5,,
01/31/2010 04:00,,0,,,,,
01/31/2010 05:00,11.27,30,15.75,20.7,1014.0,,
01/31/2010 06:00,10.92,23,14.48,20.3,1013.4,,
01/31/2010 07:00,11.08,25,15.58,20.0,1013.6,,
01/31/2010 08:00,12.65,19,17.63,19.3,1013.6,,
01/31/2010 09:00,12.23,19,17.40,19.3,1013.9,,
01/31/2010 10:00,10.69,25,14.38,19.0,1014.2,,
01/31/2010 11:00,12.36,12,16.94,18.4,1015.0,,
01/31/2010 12:00,12.93,28,18.13,18.5,1015.6,,
01/31/2010 13:00,14.98,17,21.48,18.2,1016.1,,
01/31/2010 14:00,8.30,12,13.17,19.3,1016.5,,
01/31/2010 15:00,10.41,29,13.76,20.6,1016.7,,
01/31/2010 16:00,8.49,17,15.12,22.2,1016.5,,
01/31/2010 17:00,8.93,8,13.98,23.8,1016.1,,
01/31/2010 18:00,6.80,13,12.70,26.2,1015.3,,
01/31/2010 19:00,7.51,19,11.13,27.4,1015.3,,
01/31/2010 20:00,5.78,359,10.46,28.6,1015.6,,
01/31/2010 21:00,7.41,317,12.59,29.0,1015.9,,
01/31/2010 22:00,12.00,314,14.92,27.3,1016.6,,
01/31/2010 23:00,5.88,299,8.99,27.0,1016.8,,
